bd_rep_id,sales_rep_id,total_opps,total_open,total_closed_won,total_closed_lost,total_decided,win_rate_pct,early_death_rate_pct,stale_rate_pct,avg_deal_size,bd_avg_win_rate_pct,bd_avg_early_death_rate_pct,bd_avg_stale_rate_pct,bd_avg_deal_size,win_rate_deviation_pct,early_death_deviation_pct,stale_rate_deviation_pct,deal_size_deviation_pct
BD_001,SR_001,9,0,9,0,9,100.0,0.0,0.0,30624.460000000003,51.94805194805194,56.75675675675676,0.0,46526.733873239435,92.50000000000003,-100.0,0.0,-34.17878829957129
BD_001,SR_002,4,0,0,4,4,0.0,0.0,0.0,74443.71,51.94805194805194,56.75675675675676,0.0,46526.733873239435,-100.0,-100.0,0.0,60.002011322822405
BD_001,SR_003,5,5,0,0,0,0.0,0.0,0.0,34508.62,51.94805194805194,56.75675675675676,0.0,46526.733873239435,-100.0,-100.0,0.0,-25.830555624175965
BD_001,SR_004,4,0,0,4,4,0.0,0.0,0.0,88603.08,51.94805194805194,56.75675675675676,0.0,46526.733873239435,-100.0,-100.0,0.0,90.43477292301712
BD_001,SR_005,7,0,7,0,7,100.0,0.0,0.0,25624.53,51.94805194805194,56.75675675675676,0.0,46526.733873239435,92.50000000000003,-100.0,0.0,-44.92514761553391
BD_001,SR_006,9,9,0,0,0,0.0,0.0,0.0,71347.37,51.94805194805194,56.75675675675676,0.0,46526.733873239435,-100.0,-100.0,0.0,53.34704171237029
BD_001,SR_007,2,0,2,0,2,100.0,0.0,0.0,37656.53,51.94805194805194,56.75675675675676,0.0,46526.733873239435,92.50000000000003,-100.0,0.0,-19.064746511986026
BD_001,SR_008,10,10,0,0,0,0.0,0.0,0.0,49951.38,51.94805194805194,56.75675675675676,0.0,46526.733873239435,-100.0,-100.0,0.0,7.360598610018274
BD_001,SR_009,6,6,0,0,0,0.0,0.0,0.0,125446.47000000002,51.94805194805194,56.75675675675676,0.0,46526.733873239435,-100.0,-100.0,0.0,169.62234302062726
BD_001,SR_010,8,0,0,8,8,0.0,100.0,0.0,28495.66,51.94805194805194,56.75675675675676,0.0,46526.733873239435,-100.0,76.19047619047619,0.0,-38.75422229801152
BD_001,SR_011,7,0,0,7,7,0.0,0.0,0.0,31724.84,51.94805194805194,56.75675675675676,0.0,46526.733873239435,-100.0,-100.0,0.0,-31.81373941606714
BD_001,SR_012,1,0,0,1,1,0.0,0.0,0.0,69911.72,51.94805194805194,56.75675675675676,0.0,46526.733873239435,-100.0,-100.0,0.0,50.26139636294307
BD_001,SR_013,10,10,0,0,0,0.0,0.0,0.0,54510.94,51.94805194805194,56.75675675675676,0.0,46526.733873239435,-100.0,-100.0,0.0,17.160469824753392
BD_001,SR_014,5,5,0,0,0,0.0,0.0,0.0,36426.97,51.94805194805194,56.75675675675676,0.0,46526.733873239435,-100.0,-100.0,0.0,-21.707442221832956
BD_001,SR_015,5,5,0,0,0,0.0,0.0,0.0,44355.92,51.94805194805194,56.75675675675676,0.0,46526.733873239435,-100.0,-100.0,0.0,-4.665734498264476
BD_001,SR_016,6,0,6,0,6,100.0,0.0,0.0,34828.48,51.94805194805194,56.75675675675676,0.0,46526.733873239435,92.50000000000003,-100.0,0.0,-25.14307990135508
BD_001,SR_017,2,2,0,0,0,0.0,0.0,0.0,32905.76,51.94805194805194,56.75675675675676,0.0,46526.733873239435,-100.0,-100.0,0.0,-29.27558575323454
BD_001,SR_018,7,0,7,0,7,100.0,0.0,0.0,57077.79,51.94805194805194,56.75675675675676,0.0,46526.733873239435,92.50000000000003,-100.0,0.0,22.677405543889183
BD_001,SR_019,3,0,0,3,3,0.0,100.0,0.0,28346.5,51.94805194805194,56.75675675675676,0.0,46526.733873239435,-100.0,76.19047619047619,0.0,-39.07481217738363
BD_001,SR_020,10,0,0,10,10,0.0,100.0,0.0,61082.66000000001,51.94805194805194,56.75675675675676,0.0,46526.733873239435,-100.0,76.19047619047619,0.0,31.285080458081843
BD_001,SR_021,5,5,0,0,0,0.0,0.0,0.0,14356.98,51.94805194805194,56.75675675675676,0.0,46526.733873239435,-100.0,-100.0,0.0,-69.14251484078999
BD_001,SR_022,9,0,9,0,9,100.0,0.0,0.0,22559.19,51.94805194805194,56.75675675675676,0.0,46526.733873239435,92.50000000000003,-100.0,0.0,-51.51348886542998
BD_001,SR_023,8,8,0,0,0,0.0,0.0,0.0,30432.09,51.94805194805194,56.75675675675676,0.0,46526.733873239435,-100.0,-100.0,0.0,-34.59224951635068
BD_002,SR_001,6,6,0,0,0,0.0,0.0,0.0,132266.1,28.30188679245283,84.21052631578947,12.8,49932.87,-100.0,-100.0,-100.0,164.88783841185176
BD_002,SR_002,6,0,6,0,6,100.0,0.0,0.0,82122.98,28.30188679245283,84.21052631578947,12.8,49932.87,253.33333333333331,-100.0,-100.0,64.46677308955002
BD_002,SR_003,6,6,0,0,0,0.0,0.0,0.0,28017.09,28.30188679245283,84.21052631578947,12.8,49932.87,-100.0,-100.0,-100.0,-43.890487368340736
BD_002,SR_004,6,0,0,6,6,0.0,0.0,0.0,34628.75,28.30188679245283,84.21052631578947,12.8,49932.87,-100.0,-100.0,-100.0,-30.649389870840594
BD_002,SR_005,5,5,0,0,0,0.0,0.0,0.0,22639.27,28.30188679245283,84.21052631578947,12.8,49932.87,-100.0,-100.0,-100.0,-54.66058730451504
BD_002,SR_006,5,5,0,0,0,0.0,0.0,0.0,20267.97,28.30188679245283,84.21052631578947,12.8,49932.87,-100.0,-100.0,-100.0,-59.409563279659274
BD_002,SR_007,5,5,0,0,0,0.0,0.0,0.0,36679.16,28.30188679245283,84.21052631578947,12.8,49932.87,-100.0,-100.0,-100.0,-26.54305670793607
BD_002,SR_008,5,0,5,0,5,100.0,0.0,0.0,29514.3,28.30188679245283,84.21052631578947,12.8,49932.87,253.33333333333331,-100.0,-100.0,-40.89204165512618
BD_002,SR_009,5,0,0,5,5,0.0,100.0,0.0,64164.719999999994,28.30188679245283,84.21052631578947,12.8,49932.87,-100.0,18.75000000000001,-100.0,28.501966740545836
BD_002,SR_010,3,3,0,0,0,0.0,0.0,0.0,31637.26,28.30188679245283,84.21052631578947,12.8,49932.87,-100.0,-100.0,-100.0,-36.640413419056436
BD_002,SR_011,4,0,0,4,4,0.0,100.0,0.0,13396.66,28.30188679245283,84.21052631578947,12.8,49932.87,-100.0,18.75000000000001,-100.0,-73.17065892667496
BD_002,SR_012,5,5,0,0,0,0.0,0.0,0.0,26617.76,28.30188679245283,84.21052631578947,12.8,49932.87,-100.0,-100.0,-100.0,-46.692909900832866
BD_002,SR_013,10,10,0,0,0,0.0,0.0,0.0,53362.44,28.30188679245283,84.21052631578947,12.8,49932.87,-100.0,-100.0,-100.0,6.868361462099013
BD_002,SR_014,2,0,2,0,2,100.0,0.0,0.0,169220.2,28.30188679245283,84.21052631578947,12.8,49932.87,253.33333333333331,-100.0,-100.0,238.89540096533608
BD_002,SR_015,9,9,0,0,0,0.0,0.0,100.0,28599.13,28.30188679245283,84.21052631578947,12.8,49932.87,-100.0,-100.0,681.25,-42.724842373370485
BD_002,SR_016,5,5,0,0,0,0.0,0.0,0.0,22413.53,28.30188679245283,84.21052631578947,12.8,49932.87,-100.0,-100.0,-100.0,-55.11267427648361
BD_002,SR_017,2,0,2,0,2,100.0,0.0,0.0,50408.13,28.30188679245283,84.21052631578947,12.8,49932.87,253.33333333333331,-100.0,-100.0,0.9517978838388316
BD_002,SR_018,9,0,0,9,9,0.0,100.0,0.0,14077.91,28.30188679245283,84.21052631578947,12.8,49932.87,-100.0,18.75000000000001,-100.0,-71.80632717486498
BD_002,SR_019,7,7,0,0,0,0.0,0.0,100.0,42976.590000000004,28.30188679245283,84.21052631578947,12.8,49932.87,-100.0,-100.0,681.25,-13.931264115201067
BD_002,SR_020,5,0,0,5,5,0.0,100.0,0.0,23938.76,28.30188679245283,84.21052631578947,12.8,49932.87,-100.0,18.75000000000001,-100.0,-52.05811322281295
BD_002,SR_021,5,0,0,5,5,0.0,100.0,0.0,93153.17,28.30188679245283,84.21052631578947,12.8,49932.87,-100.0,18.75000000000001,-100.0,86.55681117468312
BD_002,SR_022,4,0,0,4,4,0.0,100.0,0.0,124854.68,28.30188679245283,84.21052631578947,12.8,49932.87,-100.0,18.75000000000001,-100.0,150.04507051166897
BD_002,SR_023,6,6,0,0,0,0.0,0.0,0.0,96121.39,28.30188679245283,84.21052631578947,12.8,49932.87,-100.0,-100.0,-100.0,92.50123215429034
BD_003,SR_001,8,8,0,0,0,0.0,0.0,0.0,46781.19,43.18181818181818,70.0,6.25,55175.92493055556,-100.0,-100.0,-100.0,-15.214488821204487
BD_003,SR_002,3,0,3,0,3,100.0,0.0,0.0,38370.74,43.18181818181818,70.0,6.25,55175.92493055556,131.57894736842107,-100.0,-100.0,-30.457459393216464
BD_003,SR_003,5,0,0,5,5,0.0,100.0,0.0,65049.52,43.18181818181818,70.0,6.25,55175.92493055556,-100.0,42.857142857142854,-100.0,17.89475225267424
BD_003,SR_004,5,0,0,5,5,0.0,0.0,0.0,56293.740000000005,43.18181818181818,70.0,6.25,55175.92493055556,-100.0,-100.0,-100.0,2.025910885683078
BD_003,SR_005,8,8,0,0,0,0.0,0.0,0.0,37200.78,43.18181818181818,70.0,6.25,55175.92493055556,-100.0,-100.0,-100.0,-32.57787695118674
BD_003,SR_006,10,0,10,0,10,100.0,0.0,0.0,83361.6,43.18181818181818,70.0,6.25,55175.92493055556,131.57894736842107,-100.0,-100.0,51.08328515547126
BD_003,SR_007,4,4,0,0,0,0.0,0.0,100.0,45435.39,43.18181818181818,70.0,6.25,55175.92493055556,-100.0,-100.0,1500.0,-17.653596097963014
BD_003,SR_008,6,6,0,0,0,0.0,0.0,0.0,68319.53,43.18181818181818,70.0,6.25,55175.92493055556,-100.0,-100.0,-100.0,23.821268217953733
BD_003,SR_009,5,0,5,0,5,100.0,0.0,0.0,129277.65,43.18181818181818,70.0,6.25,55175.92493055556,131.57894736842107,-100.0,-100.0,134.30082986865904
BD_003,SR_010,5,0,5,0,5,100.0,0.0,0.0,54524.8,43.18181818181818,70.0,6.25,55175.92493055556,131.57894736842107,-100.0,-100.0,-1.1800888365261841
BD_003,SR_011,9,0,0,9,9,0.0,100.0,0.0,29006.63,43.18181818181818,70.0,6.25,55175.92493055556,-100.0,42.857142857142854,-100.0,-47.42882872102687
BD_003,SR_012,4,4,0,0,0,0.0,0.0,0.0,60960.23,43.18181818181818,70.0,6.25,55175.92493055556,-100.0,-100.0,-100.0,10.483385782339989
BD_003,SR_013,6,6,0,0,0,0.0,0.0,0.0,37013.33,43.18181818181818,70.0,6.25,55175.92493055556,-100.0,-100.0,-100.0,-32.91760845588906
BD_003,SR_014,3,0,3,0,3,100.0,0.0,0.0,49240.75,43.18181818181818,70.0,6.25,55175.92493055556,131.57894736842107,-100.0,-100.0,-10.756820004423252
BD_003,SR_015,10,0,0,10,10,0.0,0.0,0.0,65521.66000000001,43.18181818181818,70.0,6.25,55175.92493055556,-100.0,-100.0,-100.0,18.75045154651345
BD_003,SR_016,8,0,0,8,8,0.0,100.0,0.0,65647.78,43.18181818181818,70.0,6.25,55175.92493055556,-100.0,42.857142857142854,-100.0,18.979029499957313
BD_003,SR_017,4,0,0,4,4,0.0,100.0,0.0,64951.92,43.18181818181818,70.0,6.25,55175.92493055556,-100.0,42.857142857142854,-100.0,17.717863509761756
BD_003,SR_018,7,0,7,0,7,100.0,0.0,0.0,23340.45,43.18181818181818,70.0,6.25,55175.92493055556,131.57894736842107,-100.0,-100.0,-57.69812643942752
BD_003,SR_019,5,5,0,0,0,0.0,0.0,100.0,90342.17,43.18181818181818,70.0,6.25,55175.92493055556,-100.0,-100.0,1500.0,63.73476314842876
BD_003,SR_020,5,0,5,0,5,100.0,0.0,0.0,54265.81,43.18181818181818,70.0,6.25,55175.92493055556,131.57894736842107,-100.0,-100.0,-1.6494783398756436
BD_003,SR_021,5,5,0,0,0,0.0,0.0,0.0,29404.830000000005,43.18181818181818,70.0,6.25,55175.92493055556,-100.0,-100.0,-100.0,-46.70713714902118
BD_003,SR_022,10,10,0,0,0,0.0,0.0,0.0,27412.4,43.18181818181818,70.0,6.25,55175.92493055556,-100.0,-100.0,-100.0,-50.3181867191148
BD_003,SR_023,9,0,0,9,9,0.0,100.0,0.0,64986.82,43.18181818181818,70.0,6.25,55175.92493055556,-100.0,42.857142857142854,-100.0,17.781115734430262
BD_004,SR_001,9,9,0,0,0,0.0,0.0,0.0,37219.03,40.0,48.148148148148145,17.21311475409836,59994.36180327868,-100.0,-100.0,-100.0,-37.96245366849459
BD_004,SR_002,7,0,7,0,7,100.0,0.0,0.0,148433.58,40.0,48.148148148148145,17.21311475409836,59994.36180327868,150.0,-100.0,-100.0,147.41254934374203
BD_004,SR_003,7,7,0,0,0,0.0,0.0,0.0,32829.24,40.0,48.148148148148145,17.21311475409836,59994.36180327868,-100.0,-100.0,-100.0,-45.27945791365034
BD_004,SR_004,4,0,0,4,4,0.0,100.0,0.0,116390.94,40.0,48.148148148148145,17.21311475409836,59994.36180327868,-100.0,107.69230769230771,-100.0,94.00313046356843
BD_004,SR_005,5,0,0,5,5,0.0,100.0,0.0,119640.07000000002,40.0,48.148148148148145,17.21311475409836,59994.36180327868,-100.0,107.69230769230771,-100.0,99.41885604567211
BD_004,SR_006,4,0,0,4,4,0.0,100.0,0.0,28810.14,40.0,48.148148148148145,17.21311475409836,59994.36180327868,-100.0,107.69230769230771,-100.0,-51.97858743048496
BD_004,SR_007,11,11,0,0,0,0.0,0.0,100.0,51997.79000000001,40.0,48.148148148148145,17.21311475409836,59994.36180327868,-100.0,-100.0,480.952380952381,-13.328872185522048
BD_004,SR_008,3,0,3,0,3,100.0,0.0,0.0,62435.31,40.0,48.148148148148145,17.21311475409836,59994.36180327868,150.0,-100.0,-100.0,4.068629323410716
BD_004,SR_009,3,3,0,0,0,0.0,0.0,0.0,11861.950000000003,40.0,48.148148148148145,17.21311475409836,59994.36180327868,-100.0,-100.0,-100.0,-80.22822538075278
BD_004,SR_010,7,7,0,0,0,0.0,0.0,0.0,37381.49,40.0,48.148148148148145,17.21311475409836,59994.36180327868,-100.0,-100.0,-100.0,-37.691661555507864
BD_004,SR_012,5,0,5,0,5,100.0,0.0,0.0,79066.22,40.0,48.148148148148145,17.21311475409836,59994.36180327868,150.0,-100.0,-100.0,31.789417577701517
BD_004,SR_013,4,0,0,4,4,0.0,0.0,0.0,70347.63,40.0,48.148148148148145,17.21311475409836,59994.36180327868,-100.0,-100.0,-100.0,17.25706864033266
BD_004,SR_014,6,6,0,0,0,0.0,0.0,0.0,48914.71,40.0,48.148148148148145,17.21311475409836,59994.36180327868,-100.0,-100.0,-100.0,-18.46782175899933
BD_004,SR_015,6,6,0,0,0,0.0,0.0,0.0,16676.32,40.0,48.148148148148145,17.21311475409836,59994.36180327868,-100.0,-100.0,-100.0,-72.20352129974881
BD_004,SR_016,4,4,0,0,0,0.0,0.0,0.0,51203.06,40.0,48.148148148148145,17.21311475409836,59994.36180327868,-100.0,-100.0,-100.0,-14.653546665110525
BD_004,SR_017,4,0,0,4,4,0.0,0.0,0.0,65221.21,40.0,48.148148148148145,17.21311475409836,59994.36180327868,-100.0,-100.0,-100.0,8.712232349199969
BD_004,SR_018,6,0,0,6,6,0.0,0.0,0.0,50327.329999999994,40.0,48.148148148148145,17.21311475409836,59994.36180327868,-100.0,-100.0,-100.0,-16.113233831833824
BD_004,SR_019,3,0,3,0,3,100.0,0.0,0.0,52790.87,40.0,48.148148148148145,17.21311475409836,59994.36180327868,150.0,-100.0,-100.0,-12.00694796437523
BD_004,SR_020,3,3,0,0,0,0.0,0.0,0.0,26995.2,40.0,48.148148148148145,17.21311475409836,59994.36180327868,-100.0,-100.0,-100.0,-55.0037717068861
BD_004,SR_021,10,10,0,0,0,0.0,0.0,100.0,30583.57,40.0,48.148148148148145,17.21311475409836,59994.36180327868,-100.0,-100.0,480.952380952381,-49.02259298918217
BD_004,SR_022,4,4,0,0,0,0.0,0.0,0.0,111552.52,40.0,48.148148148148145,17.21311475409836,59994.36180327868,-100.0,-100.0,-100.0,85.93833928224848
BD_004,SR_023,7,7,0,0,0,0.0,0.0,0.0,92946.53,40.0,48.148148148148145,17.21311475409836,59994.36180327868,-100.0,-100.0,-100.0,54.925441668621076
BD_005,SR_001,6,6,0,0,0,0.0,0.0,100.0,67867.12,55.35714285714286,32.0,10.0,58335.4199,-100.0,-100.0,900.0,16.339472856010065
BD_005,SR_002,2,2,0,0,0,0.0,0.0,0.0,45105.11,55.35714285714286,32.0,10.0,58335.4199,-100.0,-100.0,-100.0,-22.679720010038018
BD_005,SR_003,6,0,6,0,6,100.0,0.0,0.0,33485.29,55.35714285714286,32.0,10.0,58335.4199,80.64516129032256,-100.0,-100.0,-42.59869894242417
BD_005,SR_004,1,0,0,1,1,0.0,0.0,0.0,45954.46,55.35714285714286,32.0,10.0,58335.4199,-100.0,-100.0,-100.0,-21.22374351847256
BD_005,SR_005,4,0,4,0,4,100.0,0.0,0.0,119696.89,55.35714285714286,32.0,10.0,58335.4199,80.64516129032256,-100.0,-100.0,105.18732907929235
BD_005,SR_006,2,0,2,0,2,100.0,0.0,0.0,86628.03,55.35714285714286,32.0,10.0,58335.4199,80.64516129032256,-100.0,-100.0,48.49988248734625
BD_005,SR_007,8,8,0,0,0,0.0,0.0,0.0,50853.76,55.35714285714286,32.0,10.0,58335.4199,-100.0,-100.0,-100.0,-12.825243930403248
BD_005,SR_008,4,0,4,0,4,100.0,0.0,0.0,55597.93,55.35714285714286,32.0,10.0,58335.4199,80.64516129032256,-100.0,-100.0,-4.692671973035718
BD_005,SR_009,2,2,0,0,0,0.0,0.0,0.0,29621.28,55.35714285714286,32.0,10.0,58335.4199,-100.0,-100.0,-100.0,-49.222479154555636
BD_005,SR_010,2,0,0,2,2,0.0,100.0,0.0,39423.01,55.35714285714286,32.0,10.0,58335.4199,-100.0,212.5,-100.0,-32.42011445605451
BD_005,SR_011,2,0,0,2,2,0.0,100.0,0.0,32313.7,55.35714285714286,32.0,10.0,58335.4199,-100.0,212.5,-100.0,-44.60706710366886
BD_005,SR_012,5,0,0,5,5,0.0,0.0,0.0,13734.23,55.35714285714286,32.0,10.0,58335.4199,-100.0,-100.0,-100.0,-76.456447860419
BD_005,SR_013,3,0,3,0,3,100.0,0.0,0.0,75839.19,55.35714285714286,32.0,10.0,58335.4199,80.64516129032256,-100.0,-100.0,30.005389744353245
BD_005,SR_014,4,0,0,4,4,0.0,100.0,0.0,62481.92,55.35714285714286,32.0,10.0,58335.4199,-100.0,212.5,-100.0,7.10803163345362
BD_005,SR_015,9,9,0,0,0,0.0,0.0,0.0,123643.96000000002,55.35714285714286,32.0,10.0,58335.4199,-100.0,-100.0,-100.0,111.95349276983609
BD_005,SR_016,4,0,4,0,4,100.0,0.0,0.0,34915.27,55.35714285714286,32.0,10.0,58335.4199,80.64516129032256,-100.0,-100.0,-40.147392339246714
BD_005,SR_017,7,7,0,0,0,0.0,0.0,0.0,21915.77,55.35714285714286,32.0,10.0,58335.4199,-100.0,-100.0,-100.0,-62.43145238764281
BD_005,SR_018,6,0,0,6,6,0.0,0.0,0.0,91974.83,55.35714285714286,32.0,10.0,58335.4199,-100.0,-100.0,-100.0,57.66549749305911
BD_005,SR_019,4,4,0,0,0,0.0,0.0,100.0,31078.32,55.35714285714286,32.0,10.0,58335.4199,-100.0,-100.0,900.0,-46.7247856391962
BD_005,SR_020,8,0,8,0,8,100.0,0.0,0.0,27606.43,55.35714285714286,32.0,10.0,58335.4199,80.64516129032256,-100.0,-100.0,-52.67638418078825
BD_005,SR_021,6,6,0,0,0,0.0,0.0,0.0,90782.90999999999,55.35714285714286,32.0,10.0,58335.4199,-100.0,-100.0,-100.0,55.62227914982402
BD_005,SR_022,2,0,0,2,2,0.0,0.0,0.0,41134.48,55.35714285714286,32.0,10.0,58335.4199,-100.0,-100.0,-100.0,-29.486270827374295
BD_005,SR_023,3,0,0,3,3,0.0,0.0,0.0,43105.94,55.35714285714286,32.0,10.0,58335.4199,-100.0,-100.0,-100.0,-26.106745997726154
BD_006,SR_001,5,5,0,0,0,0.0,0.0,0.0,34719.95,51.85185185185185,42.30769230769231,19.402985074626866,65515.00947761194,-100.0,-100.0,-100.0,-47.00458677050998
BD_006,SR_002,5,5,0,0,0,0.0,0.0,0.0,18482.94,51.85185185185185,42.30769230769231,19.402985074626866,65515.00947761194,-100.0,-100.0,-100.0,-71.78823578386863
BD_006,SR_003,6,0,0,6,6,0.0,0.0,0.0,24802.14,51.85185185185185,42.30769230769231,19.402985074626866,65515.00947761194,-100.0,-100.0,-100.0,-62.14281246730875
BD_006,SR_004,8,0,8,0,8,100.0,0.0,0.0,34710.31,51.85185185185185,42.30769230769231,19.402985074626866,65515.00947761194,92.85714285714288,-100.0,-100.0,-47.01930095597201
BD_006,SR_005,9,9,0,0,0,0.0,0.0,0.0,22905.18,51.85185185185185,42.30769230769231,19.402985074626866,65515.00947761194,-100.0,-100.0,-100.0,-65.03827110362053
BD_006,SR_006,4,4,0,0,0,0.0,0.0,0.0,23340.68,51.85185185185185,42.30769230769231,19.402985074626866,65515.00947761194,-100.0,-100.0,-100.0,-64.37353793259226
BD_006,SR_007,13,13,0,0,0,0.0,0.0,100.0,25100.950000000004,51.85185185185185,42.30769230769231,19.402985074626866,65515.00947761194,-100.0,-100.0,415.38461538461536,-61.686718509019514
BD_006,SR_008,8,8,0,0,0,0.0,0.0,0.0,127702.66,51.85185185185185,42.30769230769231,19.402985074626866,65515.00947761194,-100.0,-100.0,-100.0,94.92122647656656
BD_006,SR_009,5,0,5,0,5,100.0,0.0,0.0,183665.38,51.85185185185185,42.30769230769231,19.402985074626866,65515.00947761194,92.85714285714288,-100.0,-100.0,180.34091953045188
BD_006,SR_010,5,0,0,5,5,0.0,100.0,0.0,31414.15,51.85185185185185,42.30769230769231,19.402985074626866,65515.00947761194,-100.0,136.36363636363637,-100.0,-52.05045339917874
BD_006,SR_011,7,7,0,0,0,0.0,0.0,0.0,45283.42,51.85185185185185,42.30769230769231,19.402985074626866,65515.00947761194,-100.0,-100.0,-100.0,-30.88084644866847
BD_006,SR_012,5,5,0,0,0,0.0,0.0,100.0,60324.08999999999,51.85185185185185,42.30769230769231,19.402985074626866,65515.00947761194,-100.0,-100.0,415.38461538461536,-7.923252273031893
BD_006,SR_013,5,0,0,5,5,0.0,0.0,0.0,49379.76,51.85185185185185,42.30769230769231,19.402985074626866,65515.00947761194,-100.0,-100.0,-100.0,-24.628325030046344
BD_006,SR_014,4,0,0,4,4,0.0,100.0,0.0,67619.0,51.85185185185185,42.30769230769231,19.402985074626866,65515.00947761194,-100.0,136.36363636363637,-100.0,3.2114633565107664
BD_006,SR_015,6,6,0,0,0,0.0,0.0,0.0,29644.599999999995,51.85185185185185,42.30769230769231,19.402985074626866,65515.00947761194,-100.0,-100.0,-100.0,-54.75143751581037
BD_006,SR_016,5,0,5,0,5,100.0,0.0,0.0,266419.79,51.85185185185185,42.30769230769231,19.402985074626866,65515.00947761194,92.85714285714288,-100.0,-100.0,306.6545851466939
BD_006,SR_017,4,0,0,4,4,0.0,0.0,0.0,66957.14,51.85185185185185,42.30769230769231,19.402985074626866,65515.00947761194,-100.0,-100.0,-100.0,2.2012215733264506
BD_006,SR_018,6,0,6,0,6,100.0,0.0,0.0,46677.49,51.85185185185185,42.30769230769231,19.402985074626866,65515.00947761194,92.85714285714288,-100.0,-100.0,-28.752982908518355
BD_006,SR_019,8,8,0,0,0,0.0,0.0,100.0,125444.02,51.85185185185185,42.30769230769231,19.402985074626866,65515.00947761194,-100.0,-100.0,415.38461538461536,91.47371113922719
BD_006,SR_020,2,0,0,2,2,0.0,100.0,0.0,23746.78,51.85185185185185,42.30769230769231,19.402985074626866,65515.00947761194,-100.0,136.36363636363637,-100.0,-63.75367997448761
BD_006,SR_021,4,0,4,0,4,100.0,0.0,0.0,114463.48,51.85185185185185,42.30769230769231,19.402985074626866,65515.00947761194,92.85714285714288,-100.0,-100.0,74.71336860466293
BD_006,SR_022,5,5,0,0,0,0.0,0.0,0.0,90505.41,51.85185185185185,42.30769230769231,19.402985074626866,65515.00947761194,-100.0,-100.0,-100.0,38.14454232953731
BD_006,SR_023,5,5,0,0,0,0.0,0.0,0.0,41678.99,51.85185185185185,42.30769230769231,19.402985074626866,65515.00947761194,-100.0,-100.0,-100.0,-36.38253228942489
BD_007,SR_001,5,5,0,0,0,0.0,0.0,0.0,24823.61,38.46153846153847,70.0,1.7391304347826086,60419.283652173915,-100.0,-100.0,-100.0,-58.91442516447837
BD_007,SR_002,4,4,0,0,0,0.0,0.0,0.0,18916.93,38.46153846153847,70.0,1.7391304347826086,60419.283652173915,-100.0,-100.0,-100.0,-68.69057549754753
BD_007,SR_003,2,2,0,0,0,0.0,0.0,0.0,13081.27,38.46153846153847,70.0,1.7391304347826086,60419.283652173915,-100.0,-100.0,-100.0,-78.34918057733489
BD_007,SR_004,8,8,0,0,0,0.0,0.0,0.0,100016.68,38.46153846153847,70.0,1.7391304347826086,60419.283652173915,-100.0,-100.0,-100.0,65.53767928759835
BD_007,SR_005,6,0,0,6,6,0.0,100.0,0.0,27410.210000000003,38.46153846153847,70.0,1.7391304347826086,60419.283652173915,-100.0,42.857142857142854,-100.0,-54.633341636757784
BD_007,SR_006,4,4,0,0,0,0.0,0.0,0.0,122150.57,38.46153846153847,70.0,1.7391304347826086,60419.283652173915,-100.0,-100.0,-100.0,102.17149660893898
BD_007,SR_007,6,0,0,6,6,0.0,0.0,0.0,100975.39,38.46153846153847,70.0,1.7391304347826086,60419.283652173915,-100.0,-100.0,-100.0,67.1244409008594
BD_007,SR_008,4,0,4,0,4,100.0,0.0,0.0,35441.11,38.46153846153847,70.0,1.7391304347826086,60419.283652173915,159.99999999999997,-100.0,-100.0,-41.34139324784131
BD_007,SR_009,6,0,6,0,6,100.0,0.0,0.0,118211.2,38.46153846153847,70.0,1.7391304347826086,60419.283652173915,159.99999999999997,-100.0,-100.0,95.65144247741623
BD_007,SR_010,2,2,0,0,0,0.0,0.0,100.0,21433.4,38.46153846153847,70.0,1.7391304347826086,60419.283652173915,-100.0,-100.0,5650.0,-64.52556418346609
BD_007,SR_011,2,2,0,0,0,0.0,0.0,0.0,36353.65,38.46153846153847,70.0,1.7391304347826086,60419.283652173915,-100.0,-100.0,-100.0,-39.83104763491849
BD_007,SR_012,10,10,0,0,0,0.0,0.0,0.0,55207.31,38.46153846153847,70.0,1.7391304347826086,60419.283652173915,-100.0,-100.0,-100.0,-8.626341355151748
BD_007,SR_013,6,0,0,6,6,0.0,0.0,0.0,16937.51,38.46153846153847,70.0,1.7391304347826086,60419.283652173915,-100.0,-100.0,-100.0,-71.9667149688383
BD_007,SR_014,8,0,0,8,8,0.0,100.0,0.0,108734.12,38.46153846153847,70.0,1.7391304347826086,60419.283652173915,-100.0,42.857142857142854,-100.0,79.96592052624855
BD_007,SR_015,6,0,0,6,6,0.0,100.0,0.0,63385.170000000006,38.46153846153847,70.0,1.7391304347826086,60419.283652173915,-100.0,42.857142857142854,-100.0,4.908840635880952
BD_007,SR_016,6,0,6,0,6,100.0,0.0,0.0,39188.58,38.46153846153847,70.0,1.7391304347826086,60419.283652173915,159.99999999999997,-100.0,-100.0,-35.13895294488488
BD_007,SR_017,4,0,4,0,4,100.0,0.0,0.0,50030.08,38.46153846153847,70.0,1.7391304347826086,60419.283652173915,159.99999999999997,-100.0,-100.0,-17.1951784665029
BD_007,SR_018,5,0,0,5,5,0.0,100.0,0.0,85665.71,38.46153846153847,70.0,1.7391304347826086,60419.283652173915,-100.0,42.857142857142854,-100.0,41.78537847811394
BD_007,SR_019,7,7,0,0,0,0.0,0.0,0.0,50013.46,38.46153846153847,70.0,1.7391304347826086,60419.283652173915,-100.0,-100.0,-100.0,-17.222686240503794
BD_007,SR_020,4,4,0,0,0,0.0,0.0,0.0,20292.39,38.46153846153847,70.0,1.7391304347826086,60419.283652173915,-100.0,-100.0,-100.0,-66.4140506583615
BD_007,SR_021,2,2,0,0,0,0.0,0.0,0.0,43881.89,38.46153846153847,70.0,1.7391304347826086,60419.283652173915,-100.0,-100.0,-100.0,-27.371052174960525
BD_007,SR_022,5,0,5,0,5,100.0,0.0,0.0,63983.56,38.46153846153847,70.0,1.7391304347826086,60419.283652173915,159.99999999999997,-100.0,-100.0,5.899236356963722
BD_007,SR_023,3,0,0,3,3,0.0,100.0,0.0,30068.8,38.46153846153847,70.0,1.7391304347826086,60419.283652173915,-100.0,42.857142857142854,-100.0,-50.23310740805497
BD_008,SR_001,6,0,6,0,6,100.0,0.0,0.0,23734.89,79.26829268292683,70.58823529411765,10.4,82432.43751999999,26.153846153846157,-100.0,-100.0,-71.20685653115453
BD_008,SR_002,4,0,4,0,4,100.0,0.0,0.0,89270.08,79.26829268292683,70.58823529411765,10.4,82432.43751999999,26.153846153846157,-100.0,-100.0,8.294844463796235
BD_008,SR_003,6,0,6,0,6,100.0,0.0,0.0,16960.17,79.26829268292683,70.58823529411765,10.4,82432.43751999999,26.153846153846157,-100.0,-100.0,-79.42536881080937
BD_008,SR_004,6,6,0,0,0,0.0,0.0,100.0,49502.13999999999,79.26829268292683,70.58823529411765,10.4,82432.43751999999,-100.0,-100.0,861.5384615384615,-39.94822731283465
BD_008,SR_005,8,8,0,0,0,0.0,0.0,0.0,60900.1,79.26829268292683,70.58823529411765,10.4,82432.43751999999,-100.0,-100.0,-100.0,-26.121194723588946
BD_008,SR_006,1,0,0,1,1,0.0,100.0,0.0,24195.05,79.26829268292683,70.58823529411765,10.4,82432.43751999999,-100.0,41.66666666666666,-100.0,-70.64862968036128
BD_008,SR_007,8,0,8,0,8,100.0,0.0,0.0,96273.09,79.26829268292683,70.58823529411765,10.4,82432.43751999999,26.153846153846157,-100.0,-100.0,16.790298693571867
BD_008,SR_008,8,0,8,0,8,100.0,0.0,0.0,64656.81,79.26829268292683,70.58823529411765,10.4,82432.43751999999,26.153846153846157,-100.0,-100.0,-21.563874676988924
BD_008,SR_009,7,0,7,0,7,100.0,0.0,0.0,31464.21,79.26829268292683,70.58823529411765,10.4,82432.43751999999,26.153846153846157,-100.0,-100.0,-61.83030497870931
BD_008,SR_010,12,0,12,0,12,100.0,0.0,0.0,243878.48,79.26829268292683,70.58823529411765,10.4,82432.43751999999,26.153846153846157,-100.0,-100.0,195.85256403564375
BD_008,SR_011,5,0,0,5,5,0.0,100.0,0.0,49866.87,79.26829268292683,70.58823529411765,10.4,82432.43751999999,-100.0,41.66666666666666,-100.0,-39.50576799588007
BD_008,SR_012,5,5,0,0,0,0.0,0.0,0.0,64663.65,79.26829268292683,70.58823529411765,10.4,82432.43751999999,-100.0,-100.0,-100.0,-21.555576972583005
BD_008,SR_013,1,0,0,1,1,0.0,100.0,0.0,65896.53,79.26829268292683,70.58823529411765,10.4,82432.43751999999,-100.0,41.66666666666666,-100.0,-20.059952146857242
BD_008,SR_014,2,0,2,0,2,100.0,0.0,0.0,54753.57,79.26829268292683,70.58823529411765,10.4,82432.43751999999,26.153846153846157,-100.0,-100.0,-33.57764049289998
BD_008,SR_015,6,0,6,0,6,100.0,0.0,0.0,101060.15999999999,79.26829268292683,70.58823529411765,10.4,82432.43751999999,26.153846153846157,-100.0,-100.0,22.597563581060534
BD_008,SR_016,7,7,0,0,0,0.0,0.0,0.0,50928.43,79.26829268292683,70.58823529411765,10.4,82432.43751999999,-100.0,-100.0,-100.0,-38.217973976999524
BD_008,SR_017,5,5,0,0,0,0.0,0.0,0.0,33727.88,79.26829268292683,70.58823529411765,10.4,82432.43751999999,-100.0,-100.0,-100.0,-59.08421367278282
BD_008,SR_018,6,0,6,0,6,100.0,0.0,0.0,174086.86,79.26829268292683,70.58823529411765,10.4,82432.43751999999,26.153846153846157,-100.0,-100.0,111.18732532658949
BD_008,SR_019,2,2,0,0,0,0.0,0.0,100.0,34791.27,79.26829268292683,70.58823529411765,10.4,82432.43751999999,-100.0,-100.0,861.5384615384615,-57.7941996540393
BD_008,SR_020,5,5,0,0,0,0.0,0.0,100.0,63374.27,79.26829268292683,70.58823529411765,10.4,82432.43751999999,-100.0,-100.0,861.5384615384615,-23.11974277768512
BD_008,SR_021,5,0,0,5,5,0.0,100.0,0.0,40452.09,79.26829268292683,70.58823529411765,10.4,82432.43751999999,-100.0,41.66666666666666,-100.0,-50.92697581557576
BD_008,SR_022,5,5,0,0,0,0.0,0.0,0.0,53820.54,79.26829268292683,70.58823529411765,10.4,82432.43751999999,-100.0,-100.0,-100.0,-34.709512882059435
BD_008,SR_023,5,0,0,5,5,0.0,0.0,0.0,135654.21,79.26829268292683,70.58823529411765,10.4,82432.43751999999,-100.0,-100.0,-100.0,64.56411344998403
BD_009,SR_001,7,7,0,0,0,0.0,0.0,0.0,59034.77,60.56338028169014,60.71428571428571,4.310344827586207,59489.4125,-100.0,-100.0,-100.0,-0.7642410319651447
BD_009,SR_002,4,0,0,4,4,0.0,100.0,0.0,76854.17,60.56338028169014,60.71428571428571,4.310344827586207,59489.4125,-100.0,64.70588235294119,-100.0,29.189660429072152
BD_009,SR_003,2,0,2,0,2,100.0,0.0,0.0,22163.44,60.56338028169014,60.71428571428571,4.310344827586207,59489.4125,65.11627906976746,-100.0,-100.0,-62.74389161264621
BD_009,SR_004,5,0,0,5,5,0.0,0.0,0.0,35800.64,60.56338028169014,60.71428571428571,4.310344827586207,59489.4125,-100.0,-100.0,-100.0,-39.820148669311536
BD_009,SR_005,4,0,0,4,4,0.0,100.0,0.0,119758.43,60.56338028169014,60.71428571428571,4.310344827586207,59489.4125,-100.0,64.70588235294119,-100.0,101.31049369499152
BD_009,SR_006,5,5,0,0,0,0.0,0.0,0.0,137987.79,60.56338028169014,60.71428571428571,4.310344827586207,59489.4125,-100.0,-100.0,-100.0,131.95352618417607
BD_009,SR_007,5,5,0,0,0,0.0,0.0,0.0,76913.8,60.56338028169014,60.71428571428571,4.310344827586207,59489.4125,-100.0,-100.0,-100.0,29.28989675263645
BD_009,SR_008,5,0,5,0,5,100.0,0.0,0.0,76237.79,60.56338028169014,60.71428571428571,4.310344827586207,59489.4125,65.11627906976746,-100.0,-100.0,28.15354328805986
BD_009,SR_009,4,0,0,4,4,0.0,100.0,0.0,39401.47,60.56338028169014,60.71428571428571,4.310344827586207,59489.4125,-100.0,64.70588235294119,-100.0,-33.7672564845047
BD_009,SR_010,2,0,2,0,2,100.0,0.0,0.0,81081.05,60.56338028169014,60.71428571428571,4.310344827586207,59489.4125,65.11627906976746,-100.0,-100.0,36.294924748164235
BD_009,SR_011,5,0,0,5,5,0.0,100.0,0.0,20719.43,60.56338028169014,60.71428571428571,4.310344827586207,59489.4125,-100.0,64.70588235294119,-100.0,-65.17123109931536
BD_009,SR_012,6,0,0,6,6,0.0,0.0,0.0,29612.12,60.56338028169014,60.71428571428571,4.310344827586207,59489.4125,-100.0,-100.0,-100.0,-50.22287369202041
BD_009,SR_013,6,0,6,0,6,100.0,0.0,0.0,42520.02,60.56338028169014,60.71428571428571,4.310344827586207,59489.4125,65.11627906976746,-100.0,-100.0,-28.525063178258826
BD_009,SR_014,6,6,0,0,0,0.0,0.0,0.0,59838.24,60.56338028169014,60.71428571428571,4.310344827586207,59489.4125,-100.0,-100.0,-100.0,0.5863690450800795
BD_009,SR_015,2,0,2,0,2,100.0,0.0,0.0,76099.85,60.56338028169014,60.71428571428571,4.310344827586207,59489.4125,65.11627906976746,-100.0,-100.0,27.921670095498097
BD_009,SR_016,4,0,4,0,4,100.0,0.0,0.0,112802.71,60.56338028169014,60.71428571428571,4.310344827586207,59489.4125,65.11627906976746,-100.0,-100.0,89.61812742729643
BD_009,SR_017,7,0,7,0,7,100.0,0.0,0.0,56984.04,60.56338028169014,60.71428571428571,4.310344827586207,59489.4125,65.11627906976746,-100.0,-100.0,-4.211459476087443
BD_009,SR_018,4,0,4,0,4,100.0,0.0,0.0,50425.8,60.56338028169014,60.71428571428571,4.310344827586207,59489.4125,65.11627906976746,-100.0,-100.0,-15.235673238494321
BD_009,SR_019,6,0,6,0,6,100.0,0.0,0.0,20902.72,60.56338028169014,60.71428571428571,4.310344827586207,59489.4125,65.11627906976746,-100.0,-100.0,-64.86312585453756
BD_009,SR_020,5,5,0,0,0,0.0,0.0,0.0,122261.8,60.56338028169014,60.71428571428571,4.310344827586207,59489.4125,-100.0,-100.0,-100.0,105.51858702588466
BD_009,SR_021,5,0,5,0,5,100.0,0.0,0.0,39507.85,60.56338028169014,60.71428571428571,4.310344827586207,59489.4125,65.11627906976746,-100.0,-100.0,-33.58843474878828
BD_009,SR_022,12,12,0,0,0,0.0,0.0,0.0,22610.69,60.56338028169014,60.71428571428571,4.310344827586207,59489.4125,-100.0,-100.0,-100.0,-61.992077161629396
BD_009,SR_023,5,5,0,0,0,0.0,0.0,100.0,79453.76,60.56338028169014,60.71428571428571,4.310344827586207,59489.4125,-100.0,-100.0,2220.0,33.559496826431086
BD_010,SR_001,3,3,0,0,0,0.0,0.0,0.0,57519.78,55.55555555555556,21.428571428571427,4.545454545454546,45239.988106060606,-100.0,-100.0,-100.0,27.143667379289877
BD_010,SR_002,9,9,0,0,0,0.0,0.0,0.0,66805.69,55.55555555555556,21.428571428571427,4.545454545454546,45239.988106060606,-100.0,-100.0,-100.0,47.66955694900002
BD_010,SR_003,7,0,0,7,7,0.0,0.0,0.0,44381.42,55.55555555555556,21.428571428571427,4.545454545454546,45239.988106060606,-100.0,-100.0,-100.0,-1.8978079836090604
BD_010,SR_004,4,0,0,4,4,0.0,0.0,0.0,50444.16,55.55555555555556,21.428571428571427,4.545454545454546,45239.988106060606,-100.0,-100.0,-100.0,11.503477590972702
BD_010,SR_005,4,4,0,0,0,0.0,0.0,0.0,36642.52,55.55555555555556,21.428571428571427,4.545454545454546,45239.988106060606,-100.0,-100.0,-100.0,-19.004134320072563
BD_010,SR_006,6,0,0,6,6,0.0,100.0,0.0,24565.25,55.55555555555556,21.428571428571427,4.545454545454546,45239.988106060606,-100.0,366.6666666666667,-100.0,-45.70014045448191
BD_010,SR_007,7,0,7,0,7,100.0,0.0,0.0,38753.19,55.55555555555556,21.428571428571427,4.545454545454546,45239.988106060606,80.0,-100.0,-100.0,-14.338637956431283
BD_010,SR_009,5,5,0,0,0,0.0,0.0,0.0,11981.71,55.55555555555556,21.428571428571427,4.545454545454546,45239.988106060606,-100.0,-100.0,-100.0,-73.51522292200855
BD_010,SR_010,4,4,0,0,0,0.0,0.0,0.0,94107.29,55.55555555555556,21.428571428571427,4.545454545454546,45239.988106060606,-100.0,-100.0,-100.0,108.01793709444598
BD_010,SR_011,5,0,5,0,5,100.0,0.0,0.0,71981.45,55.55555555555556,21.428571428571427,4.545454545454546,45239.988106060606,80.0,-100.0,-100.0,59.11023192854675
BD_010,SR_012,7,7,0,0,0,0.0,0.0,0.0,73625.02,55.55555555555556,21.428571428571427,4.545454545454546,45239.988106060606,-100.0,-100.0,-100.0,62.74323465203736
BD_010,SR_014,3,0,0,3,3,0.0,0.0,0.0,31684.25,55.55555555555556,21.428571428571427,4.545454545454546,45239.988106060606,-100.0,-100.0,-100.0,-29.964062046790417
BD_010,SR_015,7,7,0,0,0,0.0,0.0,0.0,27674.74,55.55555555555556,21.428571428571427,4.545454545454546,45239.988106060606,-100.0,-100.0,-100.0,-38.826818576699544
BD_010,SR_016,5,0,5,0,5,100.0,0.0,0.0,25984.75,55.55555555555556,21.428571428571427,4.545454545454546,45239.988106060606,80.0,-100.0,-100.0,-42.56242963839565
BD_010,SR_017,9,9,0,0,0,0.0,0.0,0.0,38317.62,55.55555555555556,21.428571428571427,4.545454545454546,45239.988106060606,-100.0,-100.0,-100.0,-15.301436618046422
BD_010,SR_018,8,8,0,0,0,0.0,0.0,0.0,58425.41,55.55555555555556,21.428571428571427,4.545454545454546,45239.988106060606,-100.0,-100.0,-100.0,29.14550256518083
BD_010,SR_019,7,7,0,0,0,0.0,0.0,0.0,64960.07,55.55555555555556,21.428571428571427,4.545454545454546,45239.988106060606,-100.0,-100.0,-100.0,43.58993607095484
BD_010,SR_020,12,0,12,0,12,100.0,0.0,0.0,23613.430000000004,55.55555555555556,21.428571428571427,4.545454545454546,45239.988106060606,80.0,-100.0,-100.0,-47.80407557879836
BD_010,SR_021,8,0,0,8,8,0.0,0.0,0.0,45079.15,55.55555555555556,21.428571428571427,4.545454545454546,45239.988106060606,-100.0,-100.0,-100.0,-0.35552199015511576
BD_010,SR_022,6,6,0,0,0,0.0,0.0,100.0,53057.15,55.55555555555556,21.428571428571427,4.545454545454546,45239.988106060606,-100.0,-100.0,2099.9999999999995,17.279319074118334
BD_010,SR_023,6,0,6,0,6,100.0,0.0,0.0,26758.0,55.55555555555556,21.428571428571427,4.545454545454546,45239.988106060606,80.0,-100.0,-100.0,-40.853211682397976
BD_011,SR_001,3,0,0,3,3,0.0,100.0,0.0,54723.68,30.76923076923077,27.77777777777778,21.551724137931032,74711.41439655173,-100.0,260.0,-100.0,-26.753253914403547
BD_011,SR_002,4,0,0,4,4,0.0,0.0,0.0,58769.65,30.76923076923077,27.77777777777778,21.551724137931032,74711.41439655173,-100.0,-100.0,-100.0,-21.337789580500182
BD_011,SR_003,5,5,0,0,0,0.0,0.0,0.0,105966.50999999998,30.76923076923077,27.77777777777778,21.551724137931032,74711.41439655173,-100.0,-100.0,-100.0,41.83443166736623
BD_011,SR_004,6,6,0,0,0,0.0,0.0,100.0,88146.3,30.76923076923077,27.77777777777778,21.551724137931032,74711.41439655173,-100.0,-100.0,364.00000000000006,17.982373526137334
BD_011,SR_005,4,4,0,0,0,0.0,0.0,0.0,27039.18,30.76923076923077,27.77777777777778,21.551724137931032,74711.41439655173,-100.0,-100.0,-100.0,-63.80850206304222
BD_011,SR_006,3,0,3,0,3,100.0,0.0,0.0,28028.51,30.76923076923077,27.77777777777778,21.551724137931032,74711.41439655173,225.0,-100.0,-100.0,-62.48430012149036
BD_011,SR_007,2,0,0,2,2,0.0,100.0,0.0,31074.69,30.76923076923077,27.77777777777778,21.551724137931032,74711.41439655173,-100.0,260.0,-100.0,-58.40703826718847
BD_011,SR_008,2,0,2,0,2,100.0,0.0,0.0,109687.8,30.76923076923077,27.77777777777778,21.551724137931032,74711.41439655173,225.0,-100.0,-100.0,46.81531715863566
BD_011,SR_009,3,0,3,0,3,100.0,0.0,0.0,71293.56,30.76923076923077,27.77777777777778,21.551724137931032,74711.41439655173,225.0,-100.0,-100.0,-4.574741924186461
BD_011,SR_010,9,0,0,9,9,0.0,0.0,0.0,208200.08,30.76923076923077,27.77777777777778,21.551724137931032,74711.41439655173,-100.0,-100.0,-100.0,178.6723845099757
BD_011,SR_011,5,5,0,0,0,0.0,0.0,0.0,90667.96,30.76923076923077,27.77777777777778,21.551724137931032,74711.41439655173,-100.0,-100.0,-100.0,21.357573982945162
BD_011,SR_012,6,6,0,0,0,0.0,0.0,100.0,36953.57,30.76923076923077,27.77777777777778,21.551724137931032,74711.41439655173,-100.0,-100.0,364.00000000000006,-50.5382540292189
BD_011,SR_013,4,4,0,0,0,0.0,0.0,100.0,47637.17,30.76923076923077,27.77777777777778,21.551724137931032,74711.41439655173,-100.0,-100.0,364.00000000000006,-36.23843105532389
BD_011,SR_014,5,5,0,0,0,0.0,0.0,100.0,27422.609999999997,30.76923076923077,27.77777777777778,21.551724137931032,74711.41439655173,-100.0,-100.0,364.00000000000006,-63.29528731119073
BD_011,SR_015,10,10,0,0,0,0.0,0.0,0.0,75043.85,30.76923076923077,27.77777777777778,21.551724137931032,74711.41439655173,-100.0,-100.0,-100.0,0.44495959035627697
BD_011,SR_016,8,8,0,0,0,0.0,0.0,0.0,106504.6,30.76923076923077,27.77777777777778,21.551724137931032,74711.41439655173,-100.0,-100.0,-100.0,42.55465628678511
BD_011,SR_017,7,7,0,0,0,0.0,0.0,0.0,78603.98,30.76923076923077,27.77777777777778,21.551724137931032,74711.41439655173,-100.0,-100.0,-100.0,5.210135070910834
BD_011,SR_018,10,10,0,0,0,0.0,0.0,0.0,35027.68,30.76923076923077,27.77777777777778,21.551724137931032,74711.41439655173,-100.0,-100.0,-100.0,-53.11602613480078
BD_011,SR_019,4,4,0,0,0,0.0,0.0,100.0,55697.72,30.76923076923077,27.77777777777778,21.551724137931032,74711.41439655173,-100.0,-100.0,364.00000000000006,-25.449517386501647
BD_011,SR_020,5,5,0,0,0,0.0,0.0,0.0,68136.76,30.76923076923077,27.77777777777778,21.551724137931032,74711.41439655173,-100.0,-100.0,-100.0,-8.800066830022676
BD_011,SR_021,5,5,0,0,0,0.0,0.0,0.0,75518.98,30.76923076923077,27.77777777777778,21.551724137931032,74711.41439655173,-100.0,-100.0,-100.0,1.0809132847651457
BD_011,SR_022,2,2,0,0,0,0.0,0.0,0.0,39741.54,30.76923076923077,27.77777777777778,21.551724137931032,74711.41439655173,-100.0,-100.0,-100.0,-46.80660201524139
BD_011,SR_023,4,4,0,0,0,0.0,0.0,0.0,30214.97,30.76923076923077,27.77777777777778,21.551724137931032,74711.41439655173,-100.0,-100.0,-100.0,-59.55775935437978
BD_012,SR_001,2,2,0,0,0,0.0,0.0,0.0,31824.56,46.03174603174603,64.70588235294117,0.0,47503.09743119266,-100.0,-100.0,0.0,-33.00529497871739
BD_012,SR_002,5,0,5,0,5,100.0,0.0,0.0,40371.34,46.03174603174603,64.70588235294117,0.0,47503.09743119266,117.24137931034481,-100.0,0.0,-15.013247170930025
BD_012,SR_003,6,0,6,0,6,100.0,0.0,0.0,32649.539999999997,46.03174603174603,64.70588235294117,0.0,47503.09743119266,117.24137931034481,-100.0,0.0,-31.268608226458838
BD_012,SR_004,8,0,0,8,8,0.0,0.0,0.0,55227.66,46.03174603174603,64.70588235294117,0.0,47503.09743119266,-100.0,-100.0,0.0,16.261176610633076
BD_012,SR_005,3,0,3,0,3,100.0,0.0,0.0,54865.94999999999,46.03174603174603,64.70588235294117,0.0,47503.09743119266,117.24137931034481,-100.0,0.0,15.499731526922597
BD_012,SR_006,5,0,5,0,5,100.0,0.0,0.0,12303.81,46.03174603174603,64.70588235294117,0.0,47503.09743119266,117.24137931034481,-100.0,0.0,-74.09893109007926
BD_012,SR_007,5,0,0,5,5,0.0,100.0,0.0,17158.77,46.03174603174603,64.70588235294117,0.0,47503.09743119266,-100.0,54.545454545454554,0.0,-63.87862912549197
BD_012,SR_008,4,0,4,0,4,100.0,0.0,0.0,66411.69,46.03174603174603,64.70588235294117,0.0,47503.09743119266,117.24137931034481,-100.0,0.0,39.804967657521864
BD_012,SR_009,8,8,0,0,0,0.0,0.0,0.0,53469.38,46.03174603174603,64.70588235294117,0.0,47503.09743119266,-100.0,-100.0,0.0,12.559775870298525
BD_012,SR_010,6,0,0,6,6,0.0,100.0,0.0,147285.68,46.03174603174603,64.70588235294117,0.0,47503.09743119266,-100.0,54.545454545454554,0.0,210.05489739556563
BD_012,SR_011,1,0,1,0,1,100.0,0.0,0.0,37969.02,46.03174603174603,64.70588235294117,0.0,47503.09743119266,117.24137931034481,-100.0,0.0,-20.07043318596771
BD_012,SR_012,2,2,0,0,0,0.0,0.0,0.0,54347.25,46.03174603174603,64.70588235294117,0.0,47503.09743119266,-100.0,-100.0,0.0,14.407802730592387
BD_012,SR_013,4,0,0,4,4,0.0,100.0,0.0,13729.37,46.03174603174603,64.70588235294117,0.0,47503.09743119266,-100.0,54.545454545454554,0.0,-71.09794783406127
BD_012,SR_014,4,4,0,0,0,0.0,0.0,0.0,11295.2,46.03174603174603,64.70588235294117,0.0,47503.09743119266,-100.0,-100.0,0.0,-76.22218210852274
BD_012,SR_015,7,7,0,0,0,0.0,0.0,0.0,92057.38,46.03174603174603,64.70588235294117,0.0,47503.09743119266,-100.0,-100.0,0.0,93.7923735043665
BD_012,SR_016,3,0,3,0,3,100.0,0.0,0.0,35635.65,46.03174603174603,64.70588235294117,0.0,47503.09743119266,117.24137931034481,-100.0,0.0,-24.982470771263777
BD_012,SR_017,2,0,2,0,2,100.0,0.0,0.0,40401.24,46.03174603174603,64.70588235294117,0.0,47503.09743119266,117.24137931034481,-100.0,0.0,-14.95030390698116
BD_012,SR_018,8,8,0,0,0,0.0,0.0,0.0,35390.4,46.03174603174603,64.70588235294117,0.0,47503.09743119266,-100.0,-100.0,0.0,-25.498752894456356
BD_012,SR_019,6,6,0,0,0,0.0,0.0,0.0,59984.170000000006,46.03174603174603,64.70588235294117,0.0,47503.09743119266,-100.0,-100.0,0.0,26.274228931883737
BD_012,SR_020,2,0,0,2,2,0.0,100.0,0.0,48936.31,46.03174603174603,64.70588235294117,0.0,47503.09743119266,-100.0,54.545454545454554,0.0,3.017092876697813
BD_012,SR_021,4,0,0,4,4,0.0,0.0,0.0,13383.05,46.03174603174603,64.70588235294117,0.0,47503.09743119266,-100.0,-100.0,0.0,-71.82699503040809
BD_012,SR_022,9,9,0,0,0,0.0,0.0,0.0,23737.78,46.03174603174603,64.70588235294117,0.0,47503.09743119266,-100.0,-100.0,0.0,-50.02898487959923
BD_012,SR_023,5,0,0,5,5,0.0,100.0,0.0,59728.14,46.03174603174603,64.70588235294117,0.0,47503.09743119266,-100.0,54.545454545454554,0.0,25.735253551655408
BD_013,SR_001,5,0,0,5,5,0.0,100.0,0.0,17530.47,67.56756756756756,79.16666666666666,12.280701754385964,53727.59333333333,-100.0,26.315789473684227,-100.0,-67.37157033772466
BD_013,SR_002,4,0,0,4,4,0.0,100.0,0.0,48849.79,67.56756756756756,79.16666666666666,12.280701754385964,53727.59333333333,-100.0,26.315789473684227,-100.0,-9.07876759539697
BD_013,SR_003,6,6,0,0,0,0.0,0.0,0.0,38792.46,67.56756756756756,79.16666666666666,12.280701754385964,53727.59333333333,-100.0,-100.0,-100.0,-27.79788262741218
BD_013,SR_004,5,0,5,0,5,100.0,0.0,0.0,45433.53,67.56756756756756,79.16666666666666,12.280701754385964,53727.59333333333,48.00000000000001,-100.0,-100.0,-15.437250803094472
BD_013,SR_005,4,4,0,0,0,0.0,0.0,0.0,146596.49,67.56756756756756,79.16666666666666,12.280701754385964,53727.59333333333,-100.0,-100.0,-100.0,172.8513988901296
BD_013,SR_006,8,8,0,0,0,0.0,0.0,100.0,152978.84,67.56756756756756,79.16666666666666,12.280701754385964,53727.59333333333,-100.0,-100.0,714.2857142857144,184.73049044072823
BD_013,SR_007,6,0,6,0,6,100.0,0.0,0.0,38666.7,67.56756756756756,79.16666666666666,12.280701754385964,53727.59333333333,48.00000000000001,-100.0,-100.0,-28.031952296641123
BD_013,SR_008,3,3,0,0,0,0.0,0.0,100.0,44539.59,67.56756756756756,79.16666666666666,12.280701754385964,53727.59333333333,-100.0,-100.0,714.2857142857144,-17.10108859023278
BD_013,SR_009,8,0,8,0,8,100.0,0.0,0.0,38283.6,67.56756756756756,79.16666666666666,12.280701754385964,53727.59333333333,48.00000000000001,-100.0,-100.0,-28.744993726997386
BD_013,SR_010,5,5,0,0,0,0.0,0.0,0.0,67115.4,67.56756756756756,79.16666666666666,12.280701754385964,53727.59333333333,-100.0,-100.0,-100.0,24.917934781866894
BD_013,SR_011,5,0,5,0,5,100.0,0.0,0.0,14578.679999999998,67.56756756756756,79.16666666666666,12.280701754385964,53727.59333333333,48.00000000000001,-100.0,-100.0,-72.86556293420426
BD_013,SR_012,6,0,6,0,6,100.0,0.0,0.0,64843.68,67.56756756756756,79.16666666666666,12.280701754385964,53727.59333333333,48.00000000000001,-100.0,-100.0,20.689716358037757
BD_013,SR_013,6,6,0,0,0,0.0,0.0,0.0,10643.97,67.56756756756756,79.16666666666666,12.280701754385964,53727.59333333333,-100.0,-100.0,-100.0,-80.18900654275846
BD_013,SR_014,2,2,0,0,0,0.0,0.0,0.0,94508.22,67.56756756756756,79.16666666666666,12.280701754385964,53727.59333333333,-100.0,-100.0,-100.0,75.90257470432016
BD_013,SR_015,5,0,0,5,5,0.0,0.0,0.0,21151.9,67.56756756756756,79.16666666666666,12.280701754385964,53727.59333333333,-100.0,-100.0,-100.0,-60.63121631231326
BD_013,SR_016,5,0,5,0,5,100.0,0.0,0.0,26085.95,67.56756756756756,79.16666666666666,12.280701754385964,53727.59333333333,48.00000000000001,-100.0,-100.0,-51.44776011432486
BD_013,SR_017,7,0,0,7,7,0.0,100.0,0.0,69386.68,67.56756756756756,79.16666666666666,12.280701754385964,53727.59333333333,-100.0,26.315789473684227,-100.0,29.145334259652294
BD_013,SR_018,5,0,5,0,5,100.0,0.0,0.0,18746.18,67.56756756756756,79.16666666666666,12.280701754385964,53727.59333333333,48.00000000000001,-100.0,-100.0,-65.10884103128139
BD_013,SR_019,5,0,5,0,5,100.0,0.0,0.0,51579.49,67.56756756756756,79.16666666666666,12.280701754385964,53727.59333333333,48.00000000000001,-100.0,-100.0,-3.9981380144950958
BD_013,SR_020,3,3,0,0,0,0.0,0.0,0.0,44380.0,67.56756756756756,79.16666666666666,12.280701754385964,53727.59333333333,-100.0,-100.0,-100.0,-17.398124042779255
BD_013,SR_021,3,3,0,0,0,0.0,0.0,100.0,93875.06,67.56756756756756,79.16666666666666,12.280701754385964,53727.59333333333,-100.0,-100.0,714.2857142857144,74.72411134737843
BD_013,SR_022,3,0,0,3,3,0.0,100.0,0.0,28321.83,67.56756756756756,79.16666666666666,12.280701754385964,53727.59333333333,-100.0,26.315789473684227,-100.0,-47.286248568240346
BD_013,SR_023,5,0,5,0,5,100.0,0.0,0.0,55239.9,67.56756756756756,79.16666666666666,12.280701754385964,53727.59333333333,48.00000000000001,-100.0,-100.0,2.8147671854276326
BD_014,SR_001,5,0,5,0,5,100.0,0.0,0.0,32990.94,32.467532467532465,50.0,10.16949152542373,53381.997881355936,208.0,-100.0,-100.0,-38.19837902409731
BD_014,SR_002,4,0,4,0,4,100.0,0.0,0.0,74618.79,32.467532467532465,50.0,10.16949152542373,53381.997881355936,208.0,-100.0,-100.0,39.78268510265174
BD_014,SR_003,8,8,0,0,0,0.0,0.0,0.0,102504.36,32.467532467532465,50.0,10.16949152542373,53381.997881355936,-100.0,-100.0,-100.0,92.020463954573
BD_014,SR_004,8,8,0,0,0,0.0,0.0,0.0,37481.83,32.467532467532465,50.0,10.16949152542373,53381.997881355936,-100.0,-100.0,-100.0,-29.785636567396416
BD_014,SR_005,2,0,0,2,2,0.0,0.0,0.0,45108.44,32.467532467532465,50.0,10.16949152542373,53381.997881355936,-100.0,-100.0,-100.0,-15.498779007380566
BD_014,SR_006,6,0,0,6,6,0.0,100.0,0.0,51338.0,32.467532467532465,50.0,10.16949152542373,53381.997881355936,-100.0,100.0,-100.0,-3.829002215126567
BD_014,SR_007,6,0,0,6,6,0.0,0.0,0.0,75407.67,32.467532467532465,50.0,10.16949152542373,53381.997881355936,-100.0,-100.0,-100.0,41.260486667428935
BD_014,SR_008,7,7,0,0,0,0.0,0.0,100.0,54355.71,32.467532467532465,50.0,10.16949152542373,53381.997881355936,-100.0,-100.0,883.3333333333333,1.8240458530761356
BD_014,SR_009,5,5,0,0,0,0.0,0.0,0.0,14561.579999999998,32.467532467532465,50.0,10.16949152542373,53381.997881355936,-100.0,-100.0,-100.0,-72.72192765740276
BD_014,SR_010,3,0,3,0,3,100.0,0.0,0.0,42476.65,32.467532467532465,50.0,10.16949152542373,53381.997881355936,208.0,-100.0,-100.0,-20.42888672993018
BD_014,SR_011,4,4,0,0,0,0.0,0.0,100.0,23025.53,32.467532467532465,50.0,10.16949152542373,53381.997881355936,-100.0,-100.0,883.3333333333333,-56.866488865449824
BD_014,SR_012,6,0,6,0,6,100.0,0.0,0.0,90581.19,32.467532467532465,50.0,10.16949152542373,53381.997881355936,208.0,-100.0,-100.0,69.68490051893723
BD_014,SR_013,1,1,0,0,0,0.0,0.0,0.0,17549.67,32.467532467532465,50.0,10.16949152542373,53381.997881355936,-100.0,-100.0,-100.0,-67.12436645963497
BD_014,SR_014,3,0,0,3,3,0.0,0.0,0.0,82406.07,32.467532467532465,50.0,10.16949152542373,53381.997881355936,-100.0,-100.0,-100.0,54.37052427889917
BD_014,SR_015,2,2,0,0,0,0.0,0.0,0.0,76162.53,32.467532467532465,50.0,10.16949152542373,53381.997881355936,-100.0,-100.0,-100.0,42.67455888270592
BD_014,SR_016,11,0,0,11,11,0.0,100.0,0.0,61680.25,32.467532467532465,50.0,10.16949152542373,53381.997881355936,-100.0,100.0,-100.0,15.545038492353413
BD_014,SR_017,4,0,0,4,4,0.0,100.0,0.0,79183.28,32.467532467532465,50.0,10.16949152542373,53381.997881355936,-100.0,100.0,-100.0,48.333301754626454
BD_014,SR_018,8,0,0,8,8,0.0,0.0,0.0,44656.72,32.467532467532465,50.0,10.16949152542373,53381.997881355936,-100.0,-100.0,-100.0,-16.344981880873558
BD_014,SR_019,5,0,0,5,5,0.0,100.0,0.0,25956.31,32.467532467532465,50.0,10.16949152542373,53381.997881355936,-100.0,100.0,-100.0,-51.37628595750734
BD_014,SR_020,1,1,0,0,0,0.0,0.0,100.0,31151.33,32.467532467532465,50.0,10.16949152542373,53381.997881355936,-100.0,-100.0,883.3333333333333,-41.64450332257078
BD_014,SR_021,7,0,0,7,7,0.0,0.0,0.0,47034.94,32.467532467532465,50.0,10.16949152542373,53381.997881355936,-100.0,-100.0,-100.0,-11.889884480274745
BD_014,SR_022,5,5,0,0,0,0.0,0.0,0.0,47401.96,32.467532467532465,50.0,10.16949152542373,53381.997881355936,-100.0,-100.0,-100.0,-11.202349328788442
BD_014,SR_023,7,0,7,0,7,100.0,0.0,0.0,21714.079999999998,32.467532467532465,50.0,10.16949152542373,53381.997881355936,208.0,-100.0,-100.0,-59.323215949578
BD_015,SR_001,5,0,0,5,5,0.0,0.0,0.0,37009.57,49.382716049382715,34.146341463414636,7.936507936507936,51827.38825396825,-100.0,-100.0,-100.0,-28.590709956976664
BD_015,SR_002,6,6,0,0,0,0.0,0.0,0.0,35434.33,49.382716049382715,34.146341463414636,7.936507936507936,51827.38825396825,-100.0,-100.0,-100.0,-31.630106795345004
BD_015,SR_003,4,4,0,0,0,0.0,0.0,100.0,30327.48,49.382716049382715,34.146341463414636,7.936507936507936,51827.38825396825,-100.0,-100.0,1160.0000000000002,-41.48368069139983
BD_015,SR_004,5,0,5,0,5,100.0,0.0,0.0,52141.13,49.382716049382715,34.146341463414636,7.936507936507936,51827.38825396825,102.50000000000001,-100.0,-100.0,0.6053589744756673
BD_015,SR_005,3,0,0,3,3,0.0,0.0,0.0,73211.95,49.382716049382715,34.146341463414636,7.936507936507936,51827.38825396825,-100.0,-100.0,-100.0,41.26112170893427
BD_015,SR_006,7,0,7,0,7,100.0,0.0,0.0,51009.0,49.382716049382715,34.146341463414636,7.936507936507936,51827.38825396825,102.50000000000001,-100.0,-100.0,-1.5790652038222115
BD_015,SR_007,5,5,0,0,0,0.0,0.0,0.0,144736.14,49.382716049382715,34.146341463414636,7.936507936507936,51827.38825396825,-100.0,-100.0,-100.0,179.26574129252606
BD_015,SR_008,5,5,0,0,0,0.0,0.0,0.0,79274.42,49.382716049382715,34.146341463414636,7.936507936507936,51827.38825396825,-100.0,-100.0,-100.0,52.95854695886633
BD_015,SR_009,4,4,0,0,0,0.0,0.0,0.0,45322.41,49.382716049382715,34.146341463414636,7.936507936507936,51827.38825396825,-100.0,-100.0,-100.0,-12.551236852013634
BD_015,SR_010,4,0,4,0,4,100.0,0.0,0.0,26572.78,49.382716049382715,34.146341463414636,7.936507936507936,51827.38825396825,102.50000000000001,-100.0,-100.0,-48.72830583361413
BD_015,SR_011,5,5,0,0,0,0.0,0.0,0.0,26026.03,49.382716049382715,34.146341463414636,7.936507936507936,51827.38825396825,-100.0,-100.0,-100.0,-49.783249982682136
BD_015,SR_012,6,6,0,0,0,0.0,0.0,0.0,34291.99,49.382716049382715,34.146341463414636,7.936507936507936,51827.38825396825,-100.0,-100.0,-100.0,-33.834230982352516
BD_015,SR_013,7,0,0,7,7,0.0,100.0,0.0,81696.33,49.382716049382715,34.146341463414636,7.936507936507936,51827.38825396825,-100.0,192.8571428571428,-100.0,57.63157811399995
BD_015,SR_014,4,4,0,0,0,0.0,0.0,0.0,61036.15,49.382716049382715,34.146341463414636,7.936507936507936,51827.38825396825,-100.0,-100.0,-100.0,17.768137767055364
BD_015,SR_015,4,0,4,0,4,100.0,0.0,0.0,97090.56,49.382716049382715,34.146341463414636,7.936507936507936,51827.38825396825,102.50000000000001,-100.0,-100.0,87.33446401780837
BD_015,SR_016,8,0,8,0,8,100.0,0.0,0.0,26034.58,49.382716049382715,34.146341463414636,7.936507936507936,51827.38825396825,102.50000000000001,-100.0,-100.0,-49.76675291368436
BD_015,SR_017,6,6,0,0,0,0.0,0.0,100.0,28792.77,49.382716049382715,34.146341463414636,7.936507936507936,51827.38825396825,-100.0,-100.0,1160.0000000000002,-44.44487563427349
BD_015,SR_018,6,0,6,0,6,100.0,0.0,0.0,31930.0,49.382716049382715,34.146341463414636,7.936507936507936,51827.38825396825,102.50000000000001,-100.0,-100.0,-38.391647590778945
BD_015,SR_019,6,0,0,6,6,0.0,0.0,0.0,54876.38,49.382716049382715,34.146341463414636,7.936507936507936,51827.38825396825,-100.0,-100.0,-100.0,5.882973942446913
BD_015,SR_020,6,0,6,0,6,100.0,0.0,0.0,60314.63999999999,49.382716049382715,34.146341463414636,7.936507936507936,51827.38825396825,102.50000000000001,-100.0,-100.0,16.375997386636396
BD_015,SR_021,7,0,0,7,7,0.0,100.0,0.0,39429.96,49.382716049382715,34.146341463414636,7.936507936507936,51827.38825396825,-100.0,192.8571428571428,-100.0,-23.92061161410931
BD_015,SR_022,9,0,0,9,9,0.0,0.0,0.0,38927.85,49.382716049382715,34.146341463414636,7.936507936507936,51827.38825396825,-100.0,-100.0,-100.0,-24.88942369767317
BD_015,SR_023,4,0,0,4,4,0.0,0.0,0.0,83966.53,49.382716049382715,34.146341463414636,7.936507936507936,51827.38825396825,-100.0,-100.0,-100.0,62.01188759221522
BD_016,SR_001,9,0,0,9,9,0.0,100.0,0.0,30536.699999999997,52.32558139534884,65.85365853658537,10.526315789473683,60568.59438596491,-100.0,51.85185185185184,-100.0,-49.583277753799045
BD_016,SR_002,7,0,7,0,7,100.0,0.0,0.0,42680.44,52.32558139534884,65.85365853658537,10.526315789473683,60568.59438596491,91.1111111111111,-100.0,-100.0,-29.533712260144497
BD_016,SR_003,3,3,0,0,0,0.0,0.0,100.0,118464.90999999999,52.32558139534884,65.85365853658537,10.526315789473683,60568.59438596491,-100.0,-100.0,850.0,95.58801256819481
BD_016,SR_004,5,5,0,0,0,0.0,0.0,0.0,64722.9,52.32558139534884,65.85365853658537,10.526315789473683,60568.59438596491,-100.0,-100.0,-100.0,6.858844350196335
BD_016,SR_005,6,0,0,6,6,0.0,100.0,0.0,51519.44,52.32558139534884,65.85365853658537,10.526315789473683,60568.59438596491,-100.0,51.85185185185184,-100.0,-14.94034074540419
BD_016,SR_006,8,8,0,0,0,0.0,0.0,0.0,93087.15,52.32558139534884,65.85365853658537,10.526315789473683,60568.59438596491,-100.0,-100.0,-100.0,53.68880678791243
BD_016,SR_007,3,0,0,3,3,0.0,0.0,0.0,44510.82,52.32558139534884,65.85365853658537,10.526315789473683,60568.59438596491,-100.0,-100.0,-100.0,-26.511717084994558
BD_016,SR_008,4,0,0,4,4,0.0,100.0,0.0,60679.37,52.32558139534884,65.85365853658537,10.526315789473683,60568.59438596491,-100.0,51.85185185185184,-100.0,0.18289282615539684
BD_016,SR_009,6,0,6,0,6,100.0,0.0,0.0,22758.41,52.32558139534884,65.85365853658537,10.526315789473683,60568.59438596491,91.1111111111111,-100.0,-100.0,-62.42539515615103
BD_016,SR_010,4,0,4,0,4,100.0,0.0,0.0,69104.85,52.32558139534884,65.85365853658537,10.526315789473683,60568.59438596491,91.1111111111111,-100.0,-100.0,14.093534282204068
BD_016,SR_011,5,5,0,0,0,0.0,0.0,100.0,27763.4,52.32558139534884,65.85365853658537,10.526315789473683,60568.59438596491,-100.0,-100.0,850.0,-54.16205331911517
BD_016,SR_012,1,1,0,0,0,0.0,0.0,0.0,18570.88,52.32558139534884,65.85365853658537,10.526315789473683,60568.59438596491,-100.0,-100.0,-100.0,-69.33909365361913
BD_016,SR_013,5,0,0,5,5,0.0,0.0,0.0,44925.69,52.32558139534884,65.85365853658537,10.526315789473683,60568.59438596491,-100.0,-100.0,-100.0,-25.826758148427032
BD_016,SR_014,2,2,0,0,0,0.0,0.0,0.0,78442.63,52.32558139534884,65.85365853658537,10.526315789473683,60568.59438596491,-100.0,-100.0,-100.0,29.510401876152674
BD_016,SR_015,5,0,5,0,5,100.0,0.0,0.0,35124.47,52.32558139534884,65.85365853658537,10.526315789473683,60568.59438596491,91.1111111111111,-100.0,-100.0,-42.00877475185536
BD_016,SR_016,8,0,8,0,8,100.0,0.0,0.0,43574.49,52.32558139534884,65.85365853658537,10.526315789473683,60568.59438596491,91.1111111111111,-100.0,-100.0,-28.057617249085155
BD_016,SR_017,3,0,0,3,3,0.0,100.0,0.0,54664.52,52.32558139534884,65.85365853658537,10.526315789473683,60568.59438596491,-100.0,51.85185185185184,-100.0,-9.747748723277324
BD_016,SR_018,6,0,6,0,6,100.0,0.0,0.0,51996.6,52.32558139534884,65.85365853658537,10.526315789473683,60568.59438596491,91.1111111111111,-100.0,-100.0,-14.152539732622943
BD_016,SR_019,5,0,0,5,5,0.0,100.0,0.0,32982.01,52.32558139534884,65.85365853658537,10.526315789473683,60568.59438596491,-100.0,51.85185185185184,-100.0,-45.546020451082704
BD_016,SR_020,6,0,0,6,6,0.0,0.0,0.0,181200.69000000003,52.32558139534884,65.85365853658537,10.526315789473683,60568.59438596491,-100.0,-100.0,-100.0,199.1660807667484
BD_016,SR_021,5,0,5,0,5,100.0,0.0,0.0,85424.3,52.32558139534884,65.85365853658537,10.526315789473683,60568.59438596491,91.1111111111111,-100.0,-100.0,41.03728320925788
BD_016,SR_022,4,4,0,0,0,0.0,0.0,100.0,131062.18,52.32558139534884,65.85365853658537,10.526315789473683,60568.59438596491,-100.0,-100.0,850.0,116.38636545669947
BD_016,SR_023,4,0,4,0,4,100.0,0.0,0.0,16651.52,52.32558139534884,65.85365853658537,10.526315789473683,60568.59438596491,91.1111111111111,-100.0,-100.0,-72.50799664609927
BD_017,SR_001,6,0,0,6,6,0.0,100.0,0.0,97973.48,32.857142857142854,36.17021276595745,19.672131147540984,65242.50336065574,-100.0,176.4705882352941,-100.0,50.168180179123155
BD_017,SR_002,9,9,0,0,0,0.0,0.0,100.0,182582.78,32.857142857142854,36.17021276595745,19.672131147540984,65242.50336065574,-100.0,-100.0,408.3333333333333,179.85250503141467
BD_017,SR_003,10,0,0,10,10,0.0,0.0,0.0,23839.78,32.857142857142854,36.17021276595745,19.672131147540984,65242.50336065574,-100.0,-100.0,-100.0,-63.459740549476685
BD_017,SR_004,2,0,0,2,2,0.0,100.0,0.0,72029.64,32.857142857142854,36.17021276595745,19.672131147540984,65242.50336065574,-100.0,176.4705882352941,-100.0,10.402937180116263
BD_017,SR_005,6,0,0,6,6,0.0,0.0,0.0,28768.06,32.857142857142854,36.17021276595745,19.672131147540984,65242.50336065574,-100.0,-100.0,-100.0,-55.90595314687376
BD_017,SR_006,5,5,0,0,0,0.0,0.0,0.0,70072.94,32.857142857142854,36.17021276595745,19.672131147540984,65242.50336065574,-100.0,-100.0,-100.0,7.403818661957167
BD_017,SR_007,7,0,7,0,7,100.0,0.0,0.0,43406.44,32.857142857142854,36.17021276595745,19.672131147540984,65242.50336065574,204.34782608695653,-100.0,-100.0,-33.46907650055608
BD_017,SR_008,5,0,0,5,5,0.0,0.0,0.0,16225.76,32.857142857142854,36.17021276595745,19.672131147540984,65242.50336065574,-100.0,-100.0,-100.0,-75.13007753503081
BD_017,SR_009,2,0,2,0,2,100.0,0.0,0.0,116577.76,32.857142857142854,36.17021276595745,19.672131147540984,65242.50336065574,204.34782608695653,-100.0,-100.0,78.68376287704159
BD_017,SR_010,3,0,0,3,3,0.0,100.0,0.0,67424.02,32.857142857142854,36.17021276595745,19.672131147540984,65242.50336065574,-100.0,176.4705882352941,-100.0,3.343704681724122
BD_017,SR_011,3,0,3,0,3,100.0,0.0,0.0,65503.22,32.857142857142854,36.17021276595745,19.672131147540984,65242.50336065574,204.34782608695653,-100.0,-100.0,0.3996116425867935
BD_017,SR_012,4,0,0,4,4,0.0,0.0,0.0,17111.97,32.857142857142854,36.17021276595745,19.672131147540984,65242.50336065574,-100.0,-100.0,-100.0,-73.77174522963
BD_017,SR_013,4,0,4,0,4,100.0,0.0,0.0,38384.04,32.857142857142854,36.17021276595745,19.672131147540984,65242.50336065574,204.34782608695653,-100.0,-100.0,-41.16712568827124
BD_017,SR_014,6,6,0,0,0,0.0,0.0,0.0,13098.21,32.857142857142854,36.17021276595745,19.672131147540984,65242.50336065574,-100.0,-100.0,-100.0,-79.92380836830546
BD_017,SR_015,9,9,0,0,0,0.0,0.0,0.0,43006.65,32.857142857142854,36.17021276595745,19.672131147540984,65242.50336065574,-100.0,-100.0,-100.0,-34.08185188379051
BD_017,SR_016,4,4,0,0,0,0.0,0.0,0.0,56091.63,32.857142857142854,36.17021276595745,19.672131147540984,65242.50336065574,-100.0,-100.0,-100.0,-14.025938443947178
BD_017,SR_017,3,3,0,0,0,0.0,0.0,100.0,22721.5,32.857142857142854,36.17021276595745,19.672131147540984,65242.50336065574,-100.0,-100.0,408.3333333333333,-65.17377655728932
BD_017,SR_018,4,4,0,0,0,0.0,0.0,0.0,104876.21,32.857142857142854,36.17021276595745,19.672131147540984,65242.50336065574,-100.0,-100.0,-100.0,60.748292290766436
BD_017,SR_019,4,4,0,0,0,0.0,0.0,100.0,151433.55,32.857142857142854,36.17021276595745,19.672131147540984,65242.50336065574,-100.0,-100.0,408.3333333333333,132.10873617599634
BD_017,SR_020,8,8,0,0,0,0.0,0.0,100.0,33393.73,32.857142857142854,36.17021276595745,19.672131147540984,65242.50336065574,-100.0,-100.0,408.3333333333333,-48.81598914835942
BD_017,SR_021,6,0,0,6,6,0.0,100.0,0.0,138683.7,32.857142857142854,36.17021276595745,19.672131147540984,65242.50336065574,-100.0,176.4705882352941,-100.0,112.56649094742235
BD_017,SR_022,5,0,0,5,5,0.0,0.0,0.0,23673.32,32.857142857142854,36.17021276595745,19.672131147540984,65242.50336065574,-100.0,-100.0,-100.0,-63.714880973932544
BD_017,SR_023,7,0,7,0,7,100.0,0.0,0.0,83305.2,32.857142857142854,36.17021276595745,19.672131147540984,65242.50336065574,204.34782608695653,-100.0,-100.0,27.68547451267313
BD_018,SR_001,7,0,7,0,7,100.0,0.0,0.0,64348.8,27.906976744186046,35.483870967741936,9.523809523809524,56279.76396825397,258.33333333333337,-100.0,-100.0,14.337366511163022
BD_018,SR_002,8,0,0,8,8,0.0,0.0,0.0,57952.97,27.906976744186046,35.483870967741936,9.523809523809524,56279.76396825397,-100.0,-100.0,-100.0,2.973015367814707
BD_018,SR_003,1,0,1,0,1,100.0,0.0,0.0,63180.6,27.906976744186046,35.483870967741936,9.523809523809524,56279.76396825397,258.33333333333337,-100.0,-100.0,12.261664842160007
BD_018,SR_004,7,7,0,0,0,0.0,0.0,0.0,26734.82,27.906976744186046,35.483870967741936,9.523809523809524,56279.76396825397,-100.0,-100.0,-100.0,-52.49656694530479
BD_018,SR_005,5,0,5,0,5,100.0,0.0,0.0,70612.34,27.906976744186046,35.483870967741936,9.523809523809524,56279.76396825397,258.33333333333337,-100.0,-100.0,25.466659810141856
BD_018,SR_006,6,0,0,6,6,0.0,100.0,0.0,60487.30000000001,27.906976744186046,35.483870967741936,9.523809523809524,56279.76396825397,-100.0,181.8181818181818,-100.0,7.4761081693935525
BD_018,SR_007,6,0,6,0,6,100.0,0.0,0.0,16061.65,27.906976744186046,35.483870967741936,9.523809523809524,56279.76396825397,258.33333333333337,-100.0,-100.0,-71.46105657255424
BD_018,SR_008,5,5,0,0,0,0.0,0.0,0.0,54545.64,27.906976744186046,35.483870967741936,9.523809523809524,56279.76396825397,-100.0,-100.0,-100.0,-3.0812566471176814
BD_018,SR_009,5,5,0,0,0,0.0,0.0,100.0,20550.48,27.906976744186046,35.483870967741936,9.523809523809524,56279.76396825397,-100.0,-100.0,950.0,-63.48513470740207
BD_018,SR_010,1,0,0,1,1,0.0,100.0,0.0,39953.5,27.906976744186046,35.483870967741936,9.523809523809524,56279.76396825397,-100.0,181.8181818181818,-100.0,-29.00911947225509
BD_018,SR_011,7,0,0,7,7,0.0,0.0,0.0,91876.24,27.906976744186046,35.483870967741936,9.523809523809524,56279.76396825397,-100.0,-100.0,-100.0,63.24915657397771
BD_018,SR_012,5,0,0,5,5,0.0,100.0,0.0,25778.69,27.906976744186046,35.483870967741936,9.523809523809524,56279.76396825397,-100.0,181.8181818181818,-100.0,-54.195454667256385
BD_018,SR_013,7,7,0,0,0,0.0,0.0,100.0,16106.27,27.906976744186046,35.483870967741936,9.523809523809524,56279.76396825397,-100.0,-100.0,950.0,-71.3817740794273
BD_018,SR_014,4,0,0,4,4,0.0,100.0,0.0,19432.44,27.906976744186046,35.483870967741936,9.523809523809524,56279.76396825397,-100.0,181.8181818181818,-100.0,-65.47171020304677
BD_018,SR_015,4,0,0,4,4,0.0,0.0,0.0,38915.62,27.906976744186046,35.483870967741936,9.523809523809524,56279.76396825397,-100.0,-100.0,-100.0,-30.8532636669348
BD_018,SR_016,5,0,0,5,5,0.0,0.0,0.0,80418.39,27.906976744186046,35.483870967741936,9.523809523809524,56279.76396825397,-100.0,-100.0,-100.0,42.89041802904867
BD_018,SR_017,4,4,0,0,0,0.0,0.0,0.0,63672.19,27.906976744186046,35.483870967741936,9.523809523809524,56279.76396825397,-100.0,-100.0,-100.0,13.13514043149847
BD_018,SR_018,5,5,0,0,0,0.0,0.0,0.0,88519.2,27.906976744186046,35.483870967741936,9.523809523809524,56279.76396825397,-100.0,-100.0,-100.0,57.284241721289916
BD_018,SR_019,8,0,0,8,8,0.0,0.0,0.0,46360.01,27.906976744186046,35.483870967741936,9.523809523809524,56279.76396825397,-100.0,-100.0,-100.0,-17.62579170347881
BD_018,SR_020,8,0,0,8,8,0.0,0.0,0.0,99218.94,27.906976744186046,35.483870967741936,9.523809523809524,56279.76396825397,-100.0,-100.0,-100.0,76.29594192322301
BD_018,SR_021,6,0,0,6,6,0.0,100.0,0.0,120868.32,27.906976744186046,35.483870967741936,9.523809523809524,56279.76396825397,-100.0,181.8181818181818,-100.0,114.7633740400526
BD_018,SR_022,7,7,0,0,0,0.0,0.0,0.0,65718.21,27.906976744186046,35.483870967741936,9.523809523809524,56279.76396825397,-100.0,-100.0,-100.0,16.770585671023845
BD_018,SR_023,5,0,5,0,5,100.0,0.0,0.0,26332.419999999995,27.906976744186046,35.483870967741936,9.523809523809524,56279.76396825397,258.33333333333337,-100.0,-100.0,-53.211566390268686
